File,0,1,2,3,4,5,6,7,8,9,10,11,12,13,14,15,16,17,18,19,20,21,22,23,24,25,26,27,28,29,30,31,32,33,34,35,36,37,38,39,40,41,42,43,44,45,46,47,48,49,50,51,52,53,54,55,56,57,58,59,60,61,62,63,64,65,66,67,68,69,70,71,72,73,74,75,76,77,78,79,80,81,82,83,84,85,86,87,88,89,90,91,92,93,94,95,96,97,98,99,100,101,102,103,104,105,106,107,108,109,110,111,112,113,114,115,116,117,118,119,120,121,122,123,124,125,126,127
A01365726,-0.129681617,0.059802439,0.053407714,-0.009938187,-0.025194759,-0.070801899,-0.055179257,-0.121054605,0.052641012,-0.101420961,0.284575999,-0.085024618,-0.217206195,-0.049660832,0.023729678,0.076579459,-0.263335377,-0.074510418,-0.029159397,-0.000971158,0.096759029,-0.002004177,0.068529584,0.061348014,-0.093188532,-0.35041362,-0.103790618,-0.118636094,0.044844624,-0.045459688,-0.007437983,-0.044730879,-0.119579233,-0.010924371,0.007035605,-0.01148401,-0.099146038,-0.06856937,0.252480179,-0.006792565,-0.184422716,-0.014766909,0.036527961,0.28952688,0.186265022,0.056767453,-0.017730653,-0.090654135,0.112075046,-0.269769907,0.01163516,0.17635797,0.159026712,0.056334268,0.079445839,-0.082688101,0.031649083,0.067433164,-0.165806413,0.07295239,0.074450694,-0.041571505,0.074230485,-0.101028241,0.258716285,0.094796896,-0.182855666,-0.08611197,0.053242847,-0.147354722,-0.12429104,0.131722748,-0.117968641,-0.23451072,-0.276055634,-0.0667089,0.400389791,0.130023018,-0.186908647,-0.068837509,-0.097028591,-0.076890677,0.132758319,0.154288828,-0.058038071,-0.027301658,-0.101737,0.000261086,0.189171314,-0.058151592,-0.093868591,0.209355995,0.01820186,0.094525486,0.020156717,0.031302202,-0.089443445,-0.016779181,-0.118416555,0.001923584,-0.053195044,-0.022580653,-0.009339978,0.105581649,-0.120961532,0.181120202,0.022145785,-0.013504487,-0.004627511,-0.00344862,-0.098795749,-0.005404159,0.075146012,-0.297768563,0.141408801,0.172836214,0.090300724,0.105893612,0.014058865,0.001603935,-0.082060613,0.005241592,-0.199613079,-0.043657228,0.021068618,0.000340607,0.089415178,-0.04819227
A01365726,-0.12481986,0.040117808,0.063212074,0.010179451,-0.017350432,-0.093922049,-0.033055872,-0.11820171,0.085606113,-0.124721006,0.305021733,-0.056127608,-0.246359468,-0.046309903,0.032567225,0.105559878,-0.278271139,-0.049206242,-0.040062666,0.026689775,0.06641987,-0.017910246,0.090556622,0.042522825,-0.045478739,-0.373763472,-0.148673415,-0.106141873,0.07911402,-0.061926793,-0.006066508,-0.074318014,-0.115645915,0.010458527,0.012260709,-0.010896564,-0.068112627,-0.123319797,0.257974118,-0.043650679,-0.169125825,-0.042856108,-0.004267615,0.259072959,0.157526821,0.041666575,-0.005250327,-0.079678938,0.138833255,-0.259135693,0.070043311,0.120882802,0.147559658,0.082929298,0.084588587,-0.101516388,0.028506842,0.088101514,-0.187804475,0.042693056,0.047445297,-0.020152526,0.08027412,-0.071973249,0.256665856,0.121204093,-0.185357958,-0.09117873,0.087490179,-0.175811276,-0.057455167,0.092780076,-0.122983865,-0.212691993,-0.278754085,-0.06811554,0.391170532,0.113013387,-0.176273271,-0.078364082,-0.113905475,-0.080602922,0.100930378,0.139478862,-0.037670936,-0.009982553,-0.105589852,0.001068949,0.208690494,-0.072442435,-0.107831724,0.229923442,0.004995386,0.059396382,0.029848708,0.026142213,-0.030646432,-0.059003908,-0.079425231,0.034293417,-0.047625449,-0.062914051,-0.050580095,0.077661112,-0.149608299,0.17144078,0.044469554,-0.003620927,0.011768272,0.005164945,-0.132340714,-0.022368634,0.0862936,-0.344271541,0.205981314,0.171200976,0.069711648,0.140340656,-0.074214891,0.038624655,-0.077858672,-0.033015605,-0.141090423,-0.075543791,0.006322815,0.04479498,0.074826248,-0.021691024
A01365726,-0.122515589,0.049150493,0.106436744,-0.010163197,-0.079569094,-0.051311724,-0.077479377,-0.099158399,0.059009943,-0.1167555,0.273804486,-0.056187555,-0.254203677,-0.047547292,0.056490693,0.061510377,-0.180156335,-0.079106055,-0.006099094,0.007842517,0.061885875,-0.007809998,0.094188079,0.08306618,-0.101651073,-0.41253075,-0.109695286,-0.12024802,-0.007526333,-0.041074321,-0.049474899,0.040112786,-0.077944875,0.028351307,0.018258233,0.066560596,-0.065200143,-0.063647211,0.238452852,0.017411338,-0.180992946,-0.018110568,-0.037019238,0.299187481,0.180325434,0.016614212,0.034571975,-0.081443764,0.137421399,-0.260767311,0.063412517,0.20256266,0.126886666,0.028676938,0.107461557,-0.058889665,0.037592191,0.050054118,-0.160695449,0.059364647,0.067892112,-0.084010668,0.035749637,-0.146055534,0.230678886,0.14270097,-0.15363656,-0.085005462,0.051802132,-0.144270867,-0.135983497,0.098405197,-0.200220719,-0.199044168,-0.267141402,-0.016694695,0.384750456,0.144592524,-0.201884598,-0.05680481,-0.066788495,-0.073287115,0.094817989,0.161584064,-0.068534389,-0.020477004,-0.083243139,0.06152384,0.194443643,-0.071853101,-0.070329994,0.207551211,0.006860083,0.111140408,0.048636392,0.007500714,-0.054235879,-0.028504388,-0.133266956,0.023155471,-0.018899284,-0.079646356,-0.014121204,0.064656749,-0.187304214,0.145082757,-0.004069588,-0.040955327,0.021569356,-0.032319166,-0.141086519,0.003009368,0.12025778,-0.279220521,0.168118164,0.172344685,0.119669348,0.11026901,0.005181252,0.009925978,-0.074031666,-0.030143328,-0.141056016,-0.044960335,0.06209597,0.029727638,0.042611942,-0.050661705
A01365726,-0.138435021,0.032588743,0.082645528,-0.000434586,-0.06239631,-0.069741361,-0.031950355,-0.08921773,0.030794354,-0.060498588,0.246998504,-0.078658067,-0.263051987,-0.01439466,0.069924094,0.05649443,-0.221763849,-0.040180389,-0.011556896,0.011189468,0.046055742,-0.030601945,0.060181543,0.06125195,-0.109676033,-0.397660553,-0.123619415,-0.098871253,0.031547323,-0.059012979,0.037948463,-0.016452303,-0.08933831,0.068900362,0.03311345,0.028777078,-0.060752392,-0.091180131,0.282395631,-0.033378065,-0.16099748,-0.06507165,0.008611089,0.264402181,0.166755304,0.018616864,0.011574781,-0.028722726,0.112231314,-0.302551568,0.069874898,0.158041716,0.068891011,0.075209126,0.087437615,-0.081292868,0.029484302,0.073925957,-0.176531702,0.06010187,0.048749797,-0.091575369,0.02234713,-0.078336149,0.221361428,0.127123028,-0.165733024,-0.095506951,0.032892868,-0.205701187,-0.071839966,0.094948821,-0.127501085,-0.195067778,-0.293490946,-0.01133148,0.372540623,0.148543283,-0.197749272,-0.080823287,-0.079228185,-0.054606758,0.148228064,0.108828366,-0.03931528,-0.057420254,-0.095901281,0.038908508,0.204704568,-0.065553531,-0.07283169,0.215808317,0.014670278,0.075753346,0.022750191,0.027548159,-0.021909738,-0.071597509,-0.063737907,0.044779763,0.023674769,-0.061789829,0.005064001,0.103572652,-0.207954541,0.157248601,0.022550279,-0.047395989,0.046497423,-0.001972186,-0.144004121,-0.025818601,0.119094275,-0.339528561,0.179910511,0.192739189,0.028589653,0.117141083,-0.053127229,0.024077402,-0.073787667,-0.013014904,-0.097304635,-0.046750434,0.003627596,0.06184154,0.01882223,-0.056531467
A01366475,-0.097089835,0.040664703,0.066303849,-0.017682536,-0.069709376,-0.024194425,-0.062460281,-0.080956891,0.196482539,-0.122777842,0.251561254,-0.029817427,-0.202115625,-0.012021774,-0.007814279,0.143139884,-0.156117126,-0.050880365,-0.058669351,-0.003234847,0.009597944,-0.050106905,0.12260747,0.092714094,-0.072319582,-0.396000654,-0.146264359,-0.135223433,-0.02543902,-0.053692911,-0.059620444,0.034390118,-0.091724224,-0.011443475,-0.056131117,0.03959614,-0.061812822,-0.070537709,0.220907748,-0.022778124,-0.225348786,-0.000139751,-0.025294263,0.224053025,0.117014602,0.078063741,0.013248971,-0.05714079,0.087535173,-0.194434017,0.070499241,0.152122647,0.074466631,0.007224222,0.016840253,-0.088912562,0.063004978,0.065774217,-0.151535913,0.008755134,0.066704758,-0.086581126,-0.033669293,-0.04750276,0.20874244,0.202013522,-0.114715233,-0.118452258,0.066484682,-0.155327186,-0.059494056,0.015723515,-0.198770896,-0.238717839,-0.30700314,0.025115982,0.380924046,0.112674087,-0.120946087,0.013523465,-0.057711083,-0.016298018,0.070476614,0.162163854,-0.109432772,-0.007194125,-0.102885224,0.018718867,0.128348827,-0.086147174,-0.04402196,0.20686537,-0.007296322,0.103362702,-0.013505655,0.039798118,-0.039068215,0.05104427,-0.107960761,0.087763794,0.083313175,-0.021082323,-0.022598485,0.027106352,-0.202219963,0.089921959,0.008906827,-0.021272223,0.086425133,0.057286363,-0.176420286,-0.117181316,0.154665962,-0.219228566,0.142485917,0.224144474,0.091368213,0.140244722,0.119291186,0.091307208,-0.017233778,0.012640538,-0.218234301,0.003269824,0.10539978,0.01183011,0.00783066,0.037074443
A01366475,-0.118845344,0.04689585,0.019008201,-0.029267583,-0.081019811,-0.011240472,-0.038671941,-0.069843553,0.200188279,-0.123362541,0.233028516,-0.007847447,-0.199476108,-0.024235589,0.021725159,0.112132765,-0.170583576,-0.066243477,-0.057021018,-0.025802521,0.031190576,-0.031524267,0.15118289,0.098220102,-0.11901807,-0.385740578,-0.132404581,-0.13358523,0.019386627,-0.045001302,-0.037445515,0.024578953,-0.113948323,-0.005780851,-0.04772348,0.072098188,-0.101212651,-0.054751221,0.233671948,0.009641455,-0.204372928,-0.006100398,-0.039910819,0.25330618,0.13146387,0.062114332,-0.007618567,-0.031656723,0.04646419,-0.247847274,0.076973818,0.170684412,0.093239933,0.004416424,0.035440717,-0.042455725,0.063746274,0.088946067,-0.184530258,0.001559587,0.054119218,-0.060559422,-0.028679714,-0.049477618,0.231814161,0.213557541,-0.130905792,-0.07565029,0.047269084,-0.177337229,-0.07932809,0.02461895,-0.159789398,-0.237064734,-0.298477262,0.017767033,0.369743645,0.143681243,-0.103675641,0.003911999,-0.062190093,-0.024002038,0.057141356,0.125222564,-0.164780974,-0.00823366,-0.086329713,0.043556925,0.111994043,-0.068444386,-0.048921693,0.234813198,0.024529997,0.100503922,0.008105135,0.018260069,-0.027877597,0.000617709,-0.111898817,0.060845591,0.067299694,-0.047709398,-0.008565878,0.046793532,-0.22024852,0.099828258,0.006797238,-0.061148278,0.093064241,0.052740414,-0.190071493,-0.11900828,0.139396876,-0.248522758,0.121764198,0.244442746,0.074375503,0.139660612,0.122728869,0.048772432,-0.027223941,0.02064205,-0.193697214,0.007608369,0.107494965,-0.009352097,0.012842219,0.022383058
A01366475,-0.085229419,0.044335674,0.091438472,-0.027763689,-0.090456352,0.001793377,-0.035876229,-0.04444683,0.185061425,-0.096985959,0.271876961,0.004998639,-0.181543738,-0.050302584,0.022763651,0.142722517,-0.141661406,-0.029260419,-0.064416796,-0.036055852,0.009852299,-0.031546742,0.11120075,0.090699658,-0.091243058,-0.383201212,-0.145215005,-0.135323226,0.008015811,-0.048491355,-0.07018698,0.012608045,-0.116011292,-0.041220855,-0.041443489,0.051011439,-0.083825104,-0.11614193,0.194234118,-0.054552395,-0.15301165,0.019614376,-0.024154993,0.215812787,0.123621926,0.070682347,0.032182876,-0.055710077,0.063976891,-0.201304182,0.095337734,0.116589315,0.108650103,0.036636181,0.027370224,-0.086410373,0.086223438,0.076493964,-0.175513744,-0.013342908,0.015338538,-0.057641059,-0.018589774,-0.030149981,0.267257303,0.19986394,-0.11909391,-0.103804715,0.053031228,-0.129975513,-0.037815653,0.018525535,-0.189388663,-0.212728262,-0.300882339,0.081941292,0.370709419,0.126335412,-0.178678915,-0.014688375,-0.101420641,0.004974913,0.073272608,0.10656634,-0.12927556,-0.049654394,-0.119496055,0.046800528,0.139372721,-0.104077205,-0.049473852,0.230274409,0.035924736,0.065545112,-0.006878898,0.038290728,-0.031445101,0.058321916,-0.079665579,0.085229293,0.154124886,-0.019715846,-0.014005979,0.058654584,-0.239831477,0.080731392,-0.000411755,-0.05340774,0.111089572,0.005244535,-0.21490179,-0.114343129,0.165086344,-0.259433687,0.158115208,0.215938017,0.060061473,0.161007494,0.105646677,0.085601978,-0.022399429,-0.032062076,-0.176945791,0.017921502,0.15113689,0.003018917,0.026994757,0.040055759
A01366475,-0.111928768,0.027377434,0.08479581,-0.039259959,-0.04740864,-0.048086457,-0.052337661,-0.078579396,0.202523589,-0.10099069,0.28074494,-0.018865535,-0.18699041,-0.039873939,-0.010452168,0.159083813,-0.159607515,-0.050095893,-0.075017497,0.014773041,0.004998649,-0.079253644,0.106416069,0.085099079,-0.075502343,-0.392753869,-0.171699122,-0.128469765,-0.046617761,-0.040094294,-0.069540247,0.048088606,-0.124142118,-0.041284144,-0.059836805,0.046173003,-0.064896986,-0.057337303,0.202440724,-0.013028488,-0.225583404,0.004119939,-0.011924,0.21368213,0.138112426,0.088745765,0.036209941,-0.071394607,0.046708792,-0.170297414,0.0703215,0.13787058,0.081599735,0.037060022,0.004894422,-0.094638243,0.060546119,0.061150007,-0.131837323,-0.017992524,0.047219947,-0.085217312,-0.051824253,-0.043960523,0.228078142,0.194944128,-0.116901666,-0.131415665,0.093880266,-0.128345773,-0.060512085,0.040353294,-0.212455705,-0.238088816,-0.327282876,0.043100178,0.412499487,0.095987082,-0.14428921,0.010353407,-0.100518957,-0.03096188,0.069314882,0.158056185,-0.083385102,0.015652841,-0.097122036,0.017350111,0.1421666,-0.090540424,-0.041834086,0.184472248,0.009046106,0.099267818,-0.023458431,0.032538794,0.000452638,0.067193612,-0.128233016,0.067913577,0.081085116,0.012532808,-0.040317956,0.024085198,-0.193345681,0.0815669,0.053457562,-0.035164848,0.064899676,0.052039016,-0.166400909,-0.130250588,0.145034984,-0.242846772,0.143864498,0.243018091,0.089748554,0.12974751,0.116547838,0.099277899,-0.020680426,-0.002140571,-0.213895246,0.027082792,0.125974432,0.030200139,0.02792336,0.038334548
A01366686,-0.166452393,0.136530057,0.011772677,-0.031626165,-0.051307887,-0.049995754,-0.023913644,-0.095397882,0.149436951,-0.074742861,0.235795438,-0.03509618,-0.173380882,-0.083396956,-0.00039627,0.169720337,-0.132240295,-0.125640705,-0.075888336,-0.004357809,0.045204923,-0.076999359,0.069356531,0.134487584,-0.1287743,-0.258339316,-0.062416013,-0.098312154,0.037473653,-0.042030584,-0.04817085,-0.037924718,-0.189445317,-0.079102024,0.050013673,0.089521877,-0.051909395,-0.021213129,0.246626318,-0.071831591,-0.19810164,0.020216724,0.12087819,0.256294489,0.175080299,0.115458883,0.033959053,-0.116776511,0.116716199,-0.147000298,0.132052019,0.077966861,0.141083732,0.061894968,0.123957284,-0.198625296,0.063730702,0.095185131,-0.113089107,0.029153561,0.05207032,0.039002925,0.006608582,-0.051611189,0.277151614,0.062364526,-0.131459922,-0.154312775,0.099272273,-0.124203563,-0.036197037,0.158157647,-0.090650082,-0.168291807,-0.307544976,0.035844002,0.398414612,0.165990353,-0.18815662,0.008907234,-0.027095273,-0.05330855,0.090092197,0.095521264,-0.102558218,-0.014685121,-0.119068399,-0.037104726,0.183501542,0.008330544,-0.051358461,0.157543883,0.045182496,-0.019746648,-0.024446042,0.040563926,-0.147178814,0.045288414,-0.123613872,-0.063032001,0.060321439,0.00144232,0.002074869,0.101434007,-0.224859625,0.080322824,-0.018896986,0.00678752,-0.037862197,0.126477942,-0.1664868,-0.047033045,0.056954216,-0.287053794,0.181709126,0.14145726,0.032855745,0.07398852,0.138119414,0.07904271,0.043628231,0.058067799,-0.117985308,-0.070108153,0.097012848,-0.04314835,0.187739819,0.05348707
A01366686,-0.174820036,0.141774788,0.043588988,-0.002173121,-0.048214499,-0.083656617,-0.02423376,-0.116082698,0.133131623,-0.080669545,0.263815612,0.017695677,-0.14832525,-0.112038687,-0.003473718,0.153827742,-0.128959969,-0.120973691,-0.102746561,-0.024178384,-0.016928229,-0.060447093,0.060069766,0.106971711,-0.130498812,-0.28732273,-0.062309075,-0.114180326,0.057142571,-0.056193613,-0.037867077,-0.003335071,-0.137289062,-0.074456513,0.068499304,0.092389546,-0.017526453,-0.007307709,0.25916627,-0.094160311,-0.168287963,0.036264427,0.148883969,0.275385767,0.210596934,0.084498808,0.059631731,-0.130515203,0.16455552,-0.171006396,0.125778198,0.061574537,0.110071041,0.077535547,0.140134692,-0.202984542,0.034141123,0.094274074,-0.118290052,0.037143059,0.032777917,0.033623133,-0.019758172,-0.035313331,0.268958777,0.086446658,-0.133450627,-0.116429307,0.111831263,-0.173855782,-0.020747414,0.112257339,-0.103621498,-0.139002115,-0.318469048,0.030703451,0.386867702,0.184768096,-0.165089846,0.02228963,-0.03785735,-0.052031666,0.075273477,0.074591674,-0.13000305,-0.039643362,-0.082992919,-0.011044972,0.214336738,0.058400977,-0.028604312,0.158630222,0.04593078,0.000863176,-0.009491451,0.018169852,-0.138215244,-0.019174702,-0.139360279,-0.042459555,0.025342098,-0.009483507,0.035195846,0.098977074,-0.239830926,0.081234716,-0.013208278,0.028594557,-0.004625249,0.126337513,-0.128099918,-0.037456829,0.079643048,-0.246612504,0.219443232,0.136686295,0.0497059,0.090190686,0.127512544,0.050817534,0.018417392,0.047148928,-0.074886784,-0.047816545,0.068870284,-0.071404956,0.17944853,0.044353507
A01366686,-0.156180963,0.189096779,0.043730967,-0.038573936,-0.012842387,-0.073281623,-0.005984252,-0.107162662,0.175376162,-0.063587263,0.263725281,-0.029028118,-0.157469526,-0.077162132,-0.022784907,0.179466516,-0.181540415,-0.105656542,-0.107616723,-0.02188826,0.037175067,-0.071177788,0.066045128,0.117907107,-0.111883156,-0.254711986,-0.041973565,-0.099387862,0.073331326,-0.060446195,-0.016995523,-0.034456976,-0.172514156,-0.097002871,0.018644206,0.057403229,-0.016459316,-0.020361211,0.27150923,-0.058965094,-0.177401587,0.052275404,0.117655635,0.268340021,0.207315311,0.080412298,0.049553145,-0.102600232,0.12311627,-0.195110962,0.111043602,0.047864266,0.162139803,0.052953299,0.123354517,-0.198826551,-0.008978689,0.096891753,-0.135328561,0.04674397,0.074641734,0.055059567,-0.032861434,-0.060422838,0.256033987,0.113105744,-0.145771459,-0.139456213,0.112008855,-0.121692635,-0.02961446,0.12769179,-0.066641629,-0.131118536,-0.282108814,0.054932877,0.394945264,0.142418906,-0.184314474,-0.018910818,-0.041375253,-0.055293374,0.043725871,0.063825361,-0.127485499,-0.019913614,-0.071821503,-0.016579138,0.156861514,0.040384598,-0.059645135,0.159661651,0.02730914,-0.024827357,-0.044215158,0.028919628,-0.144086659,0.046787161,-0.141138896,-0.03926795,0.047934107,0.005669346,0.015868707,0.090788066,-0.209516257,0.092936233,-0.031854015,0.002003384,-0.018393248,0.144822329,-0.14553538,-0.018462718,0.095576815,-0.248399779,0.190208182,0.141236708,0.009880428,0.060955524,0.129242599,0.073258959,0.069168374,0.094089985,-0.102578811,-0.074384078,0.085061148,-0.072957881,0.185638964,0.042685382
A01366686,-0.167091087,0.103438571,0.025043897,-0.02093784,-0.038999319,-0.07290037,-0.03660173,-0.076918229,0.202522591,-0.082249984,0.200676963,0.041997649,-0.092972979,-0.071009241,-0.054329358,0.129306749,-0.150433064,-0.122666001,-0.098405488,-0.084193856,-0.03788634,-0.024817824,0.025191778,0.11227148,-0.155319944,-0.297697753,-0.055910472,-0.137735263,0.037788581,-0.085171066,-0.011782292,0.065889649,-0.148304686,-0.044610299,0.062038567,0.135594368,0.022517223,0.015235434,0.221869186,-0.045012932,-0.125395462,0.006271656,0.128151104,0.324564308,0.224388912,0.088481545,0.027494857,-0.086010337,0.20818828,-0.169257224,0.10398303,0.060352132,0.065747909,0.055188321,0.168155074,-0.191766784,0.027949458,0.041739807,-0.097721606,0.044091254,-0.000747156,0.028668566,-0.077725954,-0.044489935,0.254762113,0.108728081,-0.115248285,-0.126995876,0.13712956,-0.192061841,-0.014669174,0.110227272,-0.100223377,-0.105405241,-0.282061279,0.007416161,0.435855567,0.144959792,-0.163173333,0.028180266,-0.007517649,-0.075801313,0.092898317,0.073283166,-0.146901563,-0.003899138,-0.081976421,0.027792299,0.24083215,0.10032659,-0.056910373,0.107541911,-0.001570405,-0.003165941,-0.009926647,0.007723948,-0.146487519,0.00229896,-0.160699382,-0.061090399,0.086458579,0.009331292,-0.015216025,0.097752288,-0.21476607,0.098040923,-0.004975246,0.018152317,-0.013487733,0.118265375,-0.169542953,0.001333013,0.139112279,-0.217987359,0.209432676,0.106296182,0.026637373,0.093547411,0.089828499,0.038063902,0.006137271,0.053140137,-0.096702226,-0.066770464,0.036035776,-0.085359246,0.154920742,0.011362318
A01366906,-0.091292337,0.009614174,0.00262759,0.039814875,-0.101646103,0.070106424,-0.046337888,-0.088974893,0.245928586,-0.085390985,0.154085964,-0.067876078,-0.273226589,-0.007290347,-0.059204951,0.092691481,-0.146334723,-0.185412526,0.019686684,-0.07634183,0.031446375,0.009377834,-0.016900945,0.092504732,-0.128086478,-0.324384391,-0.099787898,-0.175199389,0.077273741,-0.091255136,-0.056645762,0.001937871,-0.148852468,-0.017723283,0.032401949,0.11428871,-0.045410205,-0.067439668,0.241219014,-0.009240425,-0.143769562,-0.005092626,-0.043182947,0.26626718,0.091506302,0.042979937,0.040918645,-0.0827948,0.103052348,-0.266585767,0.093768075,0.28849414,0.186861277,0.084441207,0.034247734,-0.155293465,-0.001548689,0.127212882,-0.183564335,0.147812963,0.118812203,0.034218207,0.055919148,-0.026223209,0.208548397,0.085330024,-0.130119815,-0.106413193,0.137235805,-0.212205529,-0.050626419,0.085239373,-0.139353499,-0.289546907,-0.22671026,0.050829291,0.476032495,0.212489098,-0.146051303,0.024586633,-0.109930225,-0.011562573,0.04150993,0.056369673,-0.078044295,0.001913267,-0.094849363,0.047076844,0.214324221,-0.001557168,-0.027557718,0.175879061,0.029875256,0.047758773,0.006926237,0.063199729,0.004057722,-0.032767605,-0.055509686,0.035913363,-0.048483338,-0.047708072,0.034597423,0.041508809,-0.196208239,0.1864281,-0.009448213,-0.068172537,-0.074065357,0.046871509,-0.13259536,0.043952249,0.239805385,-0.347996116,0.197820351,0.168126509,0.083788104,0.186184123,-0.017295441,0.075589649,-0.005463436,-0.104843363,-0.151050597,-0.123200804,-0.025709108,-0.017805584,0.029907795,0.058689762
A01366906,-0.082415558,0.011027065,0.023523968,0.003121314,-0.138221622,0.022256408,-0.041519247,-0.062120967,0.16051203,-0.146004334,0.185392454,-0.09041857,-0.234193042,0.021470718,0.044104334,0.081195667,-0.106764704,-0.117758013,-0.023690719,-0.017363712,0.056006666,0.00657902,-0.007305074,0.119121969,-0.160458103,-0.347932518,-0.140136883,-0.166407853,0.021946959,-0.072862439,-0.01904583,-0.026969736,-0.044349037,0.038634237,0.027230499,0.103774667,-0.059553206,-0.10184671,0.259433031,-0.048608202,-0.201833546,-0.013115709,0.00551371,0.184598446,0.075463384,0.078313373,0.076166548,-0.080608271,0.067557804,-0.221910179,0.081862412,0.22253187,0.053442106,0.087325543,0.058549043,-0.195137948,0.022043867,0.121730864,-0.160399586,0.091713153,0.033540986,0.030836575,0.050049931,0.004352167,0.235561579,0.108672269,-0.136018336,-0.140841722,0.109378971,-0.250268489,-0.101443842,0.095154427,-0.192363188,-0.267444849,-0.232174575,0.047800839,0.447403759,0.179489955,-0.144165069,-0.006899618,-0.060986128,-0.067637451,0.077098325,0.1086099,-0.041262887,-0.075312622,-0.095244057,0.040163912,0.244140819,-0.048104912,0.002107921,0.188843206,0.043878328,0.06600792,-0.023545634,0.039068758,-0.049813837,0.001346437,-0.029840119,0.030916236,0.060035873,-0.032989938,0.002217807,0.110003769,-0.245823354,0.171147987,-0.0299697,-0.107695684,-0.033783071,0.079257302,-0.183673173,-0.000968482,0.244905055,-0.262992173,0.175226241,0.221911266,0.104520179,0.149057299,0.06550353,0.069321655,0.031901546,-0.04020163,-0.221045762,-0.053597365,0.006063143,-0.016305031,0.00294191,0.027830536
A01366906,-0.043568909,0.043195732,0.000477821,-0.01273509,-0.111073084,0.0185291,-0.057360515,-0.048076436,0.195857987,-0.159294441,0.249444157,-0.057213232,-0.234264567,0.02689209,-0.027746033,0.098015137,-0.166275054,-0.097401626,-0.017943639,0.004838387,0.070685543,-0.004465001,-0.027490942,0.109526023,-0.108190462,-0.322124302,-0.133130774,-0.112607583,0.070405111,-0.11151953,-0.029165437,-0.013022183,-0.084057726,0.03858548,0.012523151,0.061724871,-0.091337956,-0.087760977,0.238709122,-0.020123173,-0.193287,0.043918621,0.009482467,0.233398899,0.090176515,0.04628307,0.023666587,-0.103851654,0.130441785,-0.248568222,0.088383749,0.216170266,0.128620014,0.104286589,0.067018002,-0.173568249,0.014751239,0.127079397,-0.147303775,0.10627792,0.046789832,0.047795817,0.046510953,-0.037523154,0.145142779,0.087069497,-0.133647531,-0.153132245,0.066122346,-0.241532475,-0.082299948,0.137347624,-0.150600106,-0.279915422,-0.244856223,0.037261121,0.430912405,0.208753675,-0.105758421,-0.000771497,-0.019794149,-0.094199568,0.051827259,0.070271738,-0.099704489,-0.03796215,-0.107563108,0.072659433,0.237047225,-0.035913635,-0.016575525,0.215744287,0.028761061,0.086514398,-0.038795087,0.038476892,-0.043953933,-0.021638796,-0.080906004,0.012992412,0.007175702,-0.060161576,-0.040653024,0.069074176,-0.227747008,0.178100899,0.000760947,-0.063860968,-0.035462163,0.097543865,-0.200697452,0.029614566,0.208411515,-0.265393943,0.186311305,0.189101979,0.1737331,0.109667867,0.080064915,0.011529248,0.000951356,-0.092384219,-0.178565919,-0.069406308,0.008861278,-0.019036472,0.028758824,-0.010720605
A01366906,-0.029997593,0.029454224,0.025401752,0.009703915,-0.148336351,0.059139881,-0.019836057,-0.078762606,0.220527902,-0.106594048,0.235323116,-0.127311051,-0.244630665,0.037789568,-0.006779271,0.083184473,-0.173751757,-0.137526795,-0.039162297,-0.024792872,0.037942372,-0.011664458,-0.007151267,0.121881992,-0.150322571,-0.36185357,-0.095780663,-0.138170555,0.088394359,-0.154524982,-0.034249183,0.018871063,-0.135288119,-0.00271304,-0.031846903,0.00354371,-0.084636085,-0.1135436,0.250721037,0.01264869,-0.188710093,0.045846045,-0.031404749,0.235843241,0.116466083,0.083581522,0.051397644,-0.129972562,0.119155452,-0.245490327,0.057135873,0.263139397,0.157700628,0.078491583,0.026656948,-0.187246859,0.008753438,0.085747644,-0.178594798,0.10106954,0.100657441,0.100074872,0.121695518,-0.043720171,0.222729549,0.066547751,-0.111700252,-0.075726889,0.06206771,-0.188299239,-0.081984013,0.071691737,-0.160117999,-0.285894096,-0.262889504,0.048031934,0.460798144,0.166360661,-0.141448721,-0.008691116,-0.099150851,-0.049333781,0.023259239,0.051245254,-0.168238834,-0.052222788,-0.093250379,0.05791574,0.223312199,-0.020739948,-0.004577589,0.196538925,0.035927199,0.025719855,-0.002961779,0.047046401,-0.085372999,0.029705852,-0.032840125,0.046661984,-0.027179971,-0.054071847,0.027896537,0.078602143,-0.268011689,0.225569695,-0.018322846,-0.09722282,-0.049153011,0.075099356,-0.164346606,0.028228983,0.210801676,-0.326985985,0.153126225,0.176727399,0.141057462,0.16941686,0.033698391,0.076848179,-0.049956344,-0.000765536,-0.150149435,-0.064237282,0.040282384,-0.016410017,0.046195738,0.044948377
A01366907,-0.021188108,0.088598996,0.025184175,-0.005017952,-0.066514827,0.054781001,-0.090110265,-0.083536886,0.121210881,-0.138079718,0.182523817,-0.078849845,-0.193158478,0.040200643,-0.055343844,0.124912187,-0.167218864,-0.069086529,-0.071985945,-0.056913253,-0.06959819,0.011888133,0.035948519,0.074528605,-0.04455338,-0.299589723,-0.029149448,-0.132788062,0.002287462,-0.042959001,-0.068140067,0.011693061,-0.10956955,0.011396479,0.013681197,0.015903799,-0.031755377,-0.028271995,0.224441141,0.019126695,-0.123207629,0.031137122,0.035962157,0.274735183,0.181590676,0.120351285,-0.033541858,-0.055528313,0.177911311,-0.177040324,0.07046786,0.103595026,0.167894304,-0.010329781,0.06723877,-0.14388606,0.03052433,0.093968891,-0.18042697,0.079969339,0.039243467,-0.019182442,-0.0002423,-0.042521875,0.297806501,0.108428955,-0.092770591,-0.095353074,0.178209171,-0.132997811,-0.02624231,0.045040116,-0.082979091,-0.187489063,-0.140534401,0.026844025,0.368968993,0.154932052,-0.152116045,0.030238722,-0.005509273,-0.101035826,0.071771063,0.115141593,-0.104060546,-0.062687941,-0.037714977,-0.043783329,0.182437137,-0.008509703,-0.033740986,0.209956512,-0.039693624,-0.053553753,0.015035169,-0.054088168,-0.128683165,0.059939865,-0.118108623,-0.057913113,0.031849552,-0.098774135,0.014445548,0.044976655,-0.245167837,0.110749356,-0.077845901,-0.008864778,0.079331689,0.055684425,-0.109556623,-0.032450389,0.208790749,-0.283641577,0.121502787,0.090962872,0.086800702,0.139254302,0.049502186,0.098784797,0.061584275,0.029128313,-0.21683301,-0.108192444,0.075811014,-0.060715973,0.090471424,0.063274436
A01366907,-0.031255279,0.126975164,0.030166782,-0.023768431,-0.051424518,0.052017681,-0.074080124,-0.107113466,0.115484953,-0.146197647,0.217559174,-0.118491232,-0.18183805,0.007320573,-0.058746427,0.128211439,-0.175596744,-0.076302469,-0.049752042,-0.046523768,-0.062339105,-0.006415993,0.007319815,0.093334824,-0.048927236,-0.310379088,-0.062598623,-0.141389966,-0.01216233,-0.054887436,-0.084661856,0.004285226,-0.124231458,0.004242543,-0.009243403,0.012547035,-0.047830079,-0.053725522,0.183759511,0.003324842,-0.104558349,0.032697525,0.067757554,0.295100451,0.192023277,0.086956248,-0.043160357,-0.046020955,0.188826486,-0.184060156,0.094314545,0.090903617,0.185762361,0.026599228,0.045601144,-0.139004007,0.023976363,0.108211905,-0.193470582,0.08935222,0.044905335,-0.040642709,-0.016293835,-0.031308722,0.308698833,0.158881932,-0.108872503,-0.092602938,0.191779703,-0.121873051,-0.013510108,0.005142386,-0.105599634,-0.195399582,-0.16414094,0.077187188,0.359734952,0.156499356,-0.138679221,0.038958475,-0.033487208,-0.065712504,0.057623524,0.12610817,-0.09393543,-0.08044938,-0.044760056,-0.014211899,0.173401982,-0.027909465,-0.040014733,0.21761021,-0.066492349,-0.058837265,0.014160425,-0.045348268,-0.128227174,0.0576207,-0.120571144,-0.022531107,0.01165906,-0.112266354,-0.018767562,0.056977987,-0.247873694,0.1100934,-0.034647573,-0.004874605,0.076800823,0.02491341,-0.104901522,-0.035301693,0.182442576,-0.29365322,0.145217419,0.067829013,0.113160111,0.172029674,0.054539315,0.092229679,0.085101917,-0.014118683,-0.206890941,-0.084474266,0.098384276,-0.032768887,0.062424794,0.068208389
A01366907,0.006355091,0.071933404,0.009198675,0.014585734,-0.076609462,0.088268787,-0.069599688,-0.077162988,0.093454286,-0.155989364,0.201256588,-0.049008992,-0.164930418,0.030118745,0.01229676,0.108755499,-0.130310223,-0.085767418,-0.072358951,-0.02913879,-0.044181913,0.025703236,0.031657506,0.056301571,-0.072576523,-0.316481411,-0.057400052,-0.135213524,0.030106809,-0.101029478,-0.075767271,0.005702543,-0.086819865,0.039742239,0.019051047,0.044598438,-0.079870589,-0.043454107,0.190515384,0.004997063,-0.15771912,0.038246982,0.043681152,0.257264704,0.162912905,0.149794072,-0.028678412,-0.062034916,0.149500683,-0.20584625,0.081692643,0.075211927,0.130199566,0.024489582,0.054307356,-0.152008757,0.023405006,0.070309132,-0.190388054,0.095787942,0.025164545,-0.035217773,0.00552566,-0.053416405,0.319215089,0.127813563,-0.104508765,-0.097926311,0.131796241,-0.171036795,-0.070991598,0.059291534,-0.09114255,-0.213989303,-0.155199826,0.025618162,0.340218127,0.163671747,-0.12481799,0.033543494,0.024274273,-0.069633096,0.077910766,0.132982075,-0.088531166,-0.057105109,-0.044504542,-0.02286176,0.222959027,-0.046998776,-0.031379439,0.208207563,-0.070075296,0.009740824,-0.000867395,-0.033043027,-0.112653904,0.046317782,-0.109638542,-0.068010561,0.042075858,-0.074210472,0.01141193,0.07718692,-0.224096656,0.14423658,-0.088944748,-0.003141898,0.105390109,0.036186837,-0.129330546,-0.029610269,0.195404276,-0.294966817,0.158923581,0.13036938,0.101992331,0.122868583,0.083695009,0.0817874,0.052312143,0.013110084,-0.281490445,-0.063508637,0.105693646,-0.069486842,0.059997238,0.036562353
A01366907,-0.066264495,0.084682092,0.029685119,0.037128959,-0.082768209,0.060304761,-0.111513682,-0.116409779,0.097919106,-0.126134902,0.212681413,-0.074571237,-0.168536991,-0.007254612,-0.027754338,0.105620235,-0.140160143,-0.110241711,-0.035223499,-0.007564466,-0.01970044,-0.017178554,0.001666762,0.061118182,-0.083170667,-0.326777279,-0.048854027,-0.139182881,0.029844381,-0.078905195,-0.099466175,0.006131137,-0.093019329,0.015476394,0.025300661,0.068651266,-0.025595784,-0.078553304,0.210663319,-0.026676366,-0.180769771,0.040776387,0.07242848,0.233129546,0.162679121,0.104702167,-0.040584929,-0.067255929,0.186580747,-0.186901838,0.12490356,0.110850438,0.177324474,0.031459216,0.044769108,-0.18593511,0.040545788,0.113841921,-0.218475536,0.072273031,0.050209191,-0.046655122,0.012548208,-0.022124209,0.260760784,0.17238304,-0.084561035,-0.092951752,0.137851521,-0.131735906,-0.042291734,0.025649261,-0.108483963,-0.231301457,-0.185276762,0.069124103,0.360660374,0.182019219,-0.158283666,0.038338736,0.029131925,-0.072375506,0.084691226,0.120874062,-0.100971133,-0.085947931,-0.053907499,-0.04590372,0.199480563,0.020133238,-0.026646527,0.191151381,-0.043083899,-0.020321889,0.024355568,-0.019868378,-0.108481757,0.032880601,-0.116133958,-0.058361083,0.016862839,-0.073122978,0.005723568,0.0664538,-0.255248785,0.099824101,-0.042040408,-0.018270668,0.077887677,0.003907186,-0.089226775,-0.004860971,0.1656771,-0.283668846,0.175673097,0.09238933,0.154963881,0.188735113,0.102328278,0.061439499,0.084816612,-0.019634377,-0.225777343,-0.07655824,0.109239131,-0.049340047,0.078490041,0.067003801
A01366969,-0.1115973,0.029877041,-0.004688546,0.014733911,-0.086806171,-0.040119004,0.044544518,-0.051609859,0.129939958,-0.059747636,0.262465864,-0.062965095,-0.305522978,0.041030653,-0.039992996,0.081150591,-0.110895418,-0.078806043,-0.059370954,-0.01199169,0.111028552,-0.021163434,0.071061082,0.148647249,-0.068337247,-0.339310974,-0.022166748,-0.12851508,0.016734697,-0.084693357,0.008578447,0.0550627,-0.137137055,-0.025090335,0.045548063,0.05116934,-0.051102493,-0.048562266,0.288369656,-0.036623299,-0.257733643,-0.055619545,0.052922238,0.267311364,0.191956207,0.018081393,-0.001661247,-0.109699383,0.075056553,-0.248079881,0.040811546,0.172140881,0.116673961,0.046650879,0.043727785,-0.188408762,0.008899225,0.145641431,-0.196816012,0.016765807,0.014746726,-0.071457602,0.074111499,-0.053855192,0.261464924,0.032713097,-0.157259867,-0.043698374,0.154402688,-0.196715325,0.010567171,0.160289556,-0.144029543,-0.280086488,-0.206232131,0.031180229,0.398988456,0.174788207,-0.114147127,0.054355226,-0.116242535,-0.01811141,0.074611872,0.141928807,-0.023577262,-0.006368244,-0.073348559,0.016126899,0.137977839,-0.029288549,-0.040605437,0.252481699,-0.001650259,-0.009665443,0.073315121,0.046925765,-0.096847944,-0.031291325,-0.155322105,-0.038744006,-0.091687188,-0.080258392,0.056653664,0.05761613,-0.222745076,0.029077692,-0.0371699,-0.029201154,0.010082217,-0.002893448,-0.04384803,-0.078185484,0.101095863,-0.340097666,0.159001678,0.134888202,0.072317392,0.182800785,0.020015959,0.049772143,0.030383982,-0.080604404,-0.149313077,0.033151176,0.082589649,0.017966194,0.07720232,-0.040995624
A01366969,-0.064609051,0.086927012,0.016547473,-0.004801318,-0.098495439,-0.02280803,0.023718551,-0.02749241,0.119306356,-0.043174461,0.232232094,-0.104287378,-0.239110544,0.029736007,0.039513171,0.051354673,-0.173523247,-0.069705747,-0.087324567,-0.030037282,0.066054948,-0.023319921,0.062188834,0.120568775,-0.116195306,-0.334840387,-0.039529644,-0.112018451,0.088521659,-0.125468239,-0.017294351,0.060456906,-0.157799557,-0.049182579,0.046411011,0.032440975,-0.072207913,-0.055196628,0.230574206,-0.033887871,-0.210156694,-0.022066671,0.029194916,0.276705593,0.231089368,0.06303031,-0.027991457,-0.043422207,0.035614453,-0.273466766,0.035413913,0.19459182,0.062356599,0.078685358,0.063890859,-0.168023363,0.015094963,0.105735421,-0.160512954,0.028863812,0.030951446,-0.073947184,0.086606309,-0.067418262,0.241987526,0.015705978,-0.139523432,-0.072667815,0.040740196,-0.203081831,-0.013910614,0.156613499,-0.1185904,-0.240021586,-0.244171605,0.015581116,0.38387835,0.208163843,-0.134266436,0.029812269,-0.109399334,-0.040526669,0.091239601,0.118118703,-0.042743269,-0.016677991,-0.068284594,0.03651318,0.144898981,-0.03794761,-0.05498293,0.241188407,-0.021682363,-0.000674413,0.020520667,-0.001426916,-0.078741185,-0.036446363,-0.108901955,-0.026002554,-0.054196004,-0.07291922,-0.001537432,0.094552398,-0.243875414,0.08186511,-0.016242877,-0.030443583,-0.011245815,-0.007903923,-0.076173484,-0.039271757,0.133068383,-0.391647995,0.144778416,0.225918353,0.059415273,0.147466585,0.021627471,0.007974479,0.026922118,-0.027410131,-0.119610578,0.001671895,0.056057092,0.001747256,0.050528012,-0.041340105
A01366969,-0.061151017,0.072498463,0.007920098,0.022804376,-0.099893905,-0.035841107,0.039562203,-0.051126264,0.088895984,-0.046310946,0.256621003,-0.100247629,-0.255677223,0.016904557,0.029716395,0.04360196,-0.149431333,-0.059708536,-0.070824794,-0.013336657,0.077681132,-0.02548486,0.076290891,0.106756017,-0.064526968,-0.363590091,-0.055750582,-0.100963227,0.096247062,-0.080024928,-0.004496168,0.054248232,-0.134732127,-0.017419608,0.036105614,0.010934805,-0.077080011,-0.065157324,0.283638716,-0.044936806,-0.205641717,-0.016903181,0.015491209,0.282133639,0.143447697,0.0515907,-0.019057848,-0.058777437,0.052724011,-0.237290174,0.046960056,0.214350551,0.113768697,0.059487239,0.043117095,-0.149714559,0.045274913,0.079015993,-0.188309148,0.004583738,0.021979555,-0.068224564,0.075724922,-0.096906833,0.251147956,0.034301054,-0.134596318,-0.054400582,0.04128528,-0.188491583,-0.015006859,0.117143229,-0.132226646,-0.235972762,-0.228312403,0.018477883,0.3877078,0.185944453,-0.147144616,0.036543824,-0.113596812,-0.060875308,0.103296876,0.129458383,-0.060861297,-0.018728539,-0.083629772,0.032565035,0.128001049,-0.081053272,-0.053035352,0.234753639,0.011076665,0.042240337,0.019731037,-0.017439434,-0.066209868,-0.014303033,-0.077496015,0.027726702,-0.05024112,-0.092710853,0.009256506,0.064100802,-0.254311383,0.091385409,0.012383737,-0.029610287,0.034141738,0.002332182,-0.082032867,-0.073092729,0.102118641,-0.389753729,0.163934365,0.1924586,0.053914662,0.171088725,0.011236453,0.03572838,0.008108063,-0.03767173,-0.145396799,-0.00470687,0.075274579,0.013114121,0.024596693,-0.026402552
A01366969,-0.082442693,0.003597221,0.050073739,0.038262099,-0.04531303,-0.061782081,0.069604099,-0.045715399,0.105712928,-0.03406252,0.246921524,-0.086735971,-0.248813033,0.005359388,-0.043076452,0.103459314,-0.149009675,-0.058038224,-0.068288855,-0.007468741,0.084422506,-0.014804,0.085174583,0.11236582,-0.083778419,-0.325509846,-0.045948394,-0.133253321,0.047455207,-0.052919563,0.000475429,0.007081201,-0.172615707,-0.037163898,0.034687884,-0.037976086,-0.089835852,-0.033804446,0.286624908,-0.014765613,-0.230960846,-0.030909089,0.033419121,0.309440017,0.133499578,0.09083923,0.007316141,-0.021040946,0.05093715,-0.248104364,0.062466666,0.15728195,0.119160868,0.028771542,0.04316029,-0.12915571,-0.021781571,0.150273561,-0.196222991,0.108585119,0.04996796,-0.06688869,0.037753671,-0.101491392,0.224823609,0.037437893,-0.158822402,-0.06542144,0.128516927,-0.203089565,-0.00515773,0.099333495,-0.116855986,-0.266478151,-0.225709662,0.018993489,0.383390546,0.176317558,-0.127382353,0.009122966,-0.053809628,-0.002894748,0.093754284,0.163246214,0.000975501,0.0387538,-0.043358322,-0.014249548,0.109117158,-0.058300447,-0.056156427,0.224284619,-0.02647634,-0.053186942,-0.006067609,-0.035923112,-0.07088878,0.008992201,-0.11340984,0.026649714,-0.08781147,-0.043470968,0.050099172,0.037649848,-0.175009429,0.096483275,-0.028730176,-0.032873016,-0.004928259,0.04778336,-0.090985343,-0.078695223,0.079086058,-0.320093632,0.188168183,0.184724644,0.060370017,0.140068486,-0.016335903,0.048786819,0.043732956,0.02297765,-0.166916847,-0.045560963,0.075217679,-0.028185356,0.096055008,-0.032337639
A01367102,-0.243963525,0.086619847,-0.023837917,-0.027529467,-0.095230699,-0.069654942,-0.065388255,-0.082490057,0.171482742,-0.070317484,0.177724838,-0.083454847,-0.244511053,-0.061679855,-0.016830742,0.100182749,-0.248070493,-0.141275615,0.007093359,-0.074225157,-0.000718575,-0.046408512,0.06604898,0.060685106,-0.077056475,-0.330793232,-0.114584342,-0.123783708,0.026395949,-0.039083801,0.020747118,0.056196369,-0.162539393,-0.086220503,0.042427428,0.08340019,0.027544582,-0.009000901,0.240434602,-0.068647377,-0.135674417,-0.082061417,0.056135558,0.309265077,0.188477233,0.038408533,-0.03507375,-0.068774827,0.166790515,-0.227693856,0.076965019,0.215850815,0.129154012,-0.000120837,0.116001084,-0.044724047,0.020060323,0.175478831,-0.190368861,0.065459184,0.054642893,0.032829255,0.012809041,-0.071491346,0.241125196,0.133323535,-0.134422019,-0.147009611,0.166814446,-0.142536864,-0.07948342,0.109625384,-0.135415912,-0.256640077,-0.294611424,0.031665169,0.382028341,0.124054462,-0.116271153,0.042872369,-0.003066974,-0.137985677,0.068123437,0.148900837,-0.120079383,-0.009166699,-0.063476905,0.027479043,0.206605285,0.015698072,-0.107895322,0.181421101,-0.001962543,0.017359404,0.040628217,0.077704452,-0.014711374,-0.035625149,-0.202941924,-0.011344151,0.053837366,-0.054474011,-0.059558112,0.09183576,-0.117841892,0.029317696,-0.010918021,-0.025206804,-0.130644217,-0.039864622,-0.093887128,0.009466741,0.134030804,-0.282613963,0.186214402,0.13335973,0.012203759,0.135434881,0.015299426,-0.006680747,0.07302817,-0.040102169,-0.072323203,-0.104197234,0.062021095,0.014309084,0.067989483,0.018226789
A01367102,-0.195447087,0.084162503,0.010628687,-0.021292761,-0.061540749,-0.007926248,-0.046992384,-0.123889863,0.197468147,-0.14955835,0.134407848,-0.00447684,-0.221855655,-0.092966042,-0.107005134,0.098687485,-0.106355011,-0.228771865,0.000782773,-0.109994799,0.016372455,-0.009247015,-0.031309038,0.050116021,-0.200641185,-0.326539338,-0.107219681,-0.106189683,0.001901997,-0.110503696,-0.079430602,0.002324081,-0.181445479,-0.027454436,-0.028216235,0.098939538,0.019225074,0.013585077,0.17952624,0.03650691,-0.152376726,-0.057716839,0.094180524,0.320250034,0.202669442,0.039786816,0.009439319,-0.047444344,0.149442434,-0.225336134,0.046461526,0.114553191,0.132426247,0.051709186,0.08312282,-0.163888633,-0.026042715,0.077880338,-0.117648922,0.121943809,0.002449926,-0.05307775,-0.021595992,0.044204626,0.255328119,0.078533947,-0.093012534,-0.075053982,0.222566381,-0.21558401,0.019117963,0.067681633,-0.041950103,-0.197538182,-0.233021125,0.06848871,0.466532588,0.187951729,-0.117586888,0.06485045,-0.060584377,-0.062370762,0.089723915,0.054673664,-0.159781232,0.06920287,-0.132808387,0.052572563,0.282412648,0.072980151,-0.019689389,0.171465307,0.011627112,0.073546521,0.087894745,0.065334715,-0.144122571,-0.023761299,-0.120896593,-0.03596928,0.043570891,-0.109150074,0.03133003,0.099213831,-0.133230746,0.121026501,-4.85E-05,-0.030695595,-0.089785159,0.075080477,-0.09096472,-0.029819962,0.119655788,-0.215956643,0.13222754,0.127359435,0.023400821,0.186881199,0.085596405,0.027473308,0.01628821,-0.034208938,-0.062804066,-0.077559799,0.019579269,-0.081955791,0.145728007,0.044667613
A01367213,-0.17020677,0.093260027,0.074465543,-0.023330566,-0.078076668,-0.060869012,-0.080731869,-0.131743893,0.146039173,-0.083154336,0.152495518,0.031377129,-0.165854529,-0.047171041,-0.051068746,0.121133208,-0.081604376,-0.177501246,-0.033861756,-0.134481639,-0.035012059,0.010242965,0.005494984,0.090591714,-0.178862587,-0.297798902,-0.099724166,-0.108537436,-0.008049633,-0.073473603,-0.050891869,0.032035321,-0.123859443,-0.048270233,0.040484436,0.096869208,0.015943876,-0.019061958,0.219769984,0.053014837,-0.126919597,-0.014720422,0.06858401,0.321262956,0.226215407,0.065477334,0.03876869,-0.039085105,0.139587104,-0.209709063,0.112397715,0.114518836,0.102075055,0.045941941,0.107208401,-0.142838061,-0.0081002,0.09135589,-0.148448691,0.104311489,0.028056191,-0.029849753,0.001912352,-0.023285599,0.274000585,0.148735538,-0.118554048,-0.040379934,0.140307158,-0.199597046,-0.051034391,0.002022756,-0.109390095,-0.159031227,-0.272158682,0.084213831,0.413764536,0.210874543,-0.188607216,0.010202044,0.000759015,-0.038706381,0.118211463,0.086881578,-0.150857657,0.00266307,-0.031152414,-0.005940069,0.243192255,0.105329871,-0.07040745,0.210083276,-0.008995689,0.062665209,0.070365176,0.030089589,-0.101155207,-0.041328389,-0.107056275,-0.018753167,0.017445289,-0.043881509,0.067405134,0.117759898,-0.155132443,0.08623077,-0.036317002,0.007441895,-0.056134723,0.122876622,-0.145190731,-0.082243048,0.148111641,-0.182389483,0.159407511,0.155561507,-0.005998028,0.129735216,0.107012287,0.046789564,0.032748468,0.029029369,-0.022893889,-0.043809332,0.073424496,-0.081678115,0.157259911,0.060829088
A01367213,-0.156955659,0.053078115,0.001133348,-0.043511815,-0.064720131,-0.037572861,-0.082655266,-0.139460668,0.17234531,-0.111427709,0.172179744,0.011627425,-0.17422159,-0.124455102,-0.089997075,0.130861342,-0.068321593,-0.20403263,-0.007281685,-0.065752886,-0.005988218,0.011123619,0.007896568,0.116054282,-0.116945021,-0.313740104,-0.096115045,-0.082563363,0.031330485,-0.079778448,-0.127217785,0.076334849,-0.181644127,-0.095514432,0.039164823,0.112135381,0.016768228,0.012634331,0.193563178,0.0179836,-0.173052177,-0.030440977,0.073311351,0.326078981,0.165327549,0.028010897,0.016369466,-0.044830643,0.080628127,-0.218405962,0.128461152,0.12835674,0.082255647,0.059433755,0.059769843,-0.116032295,-0.01415804,0.118496656,-0.145095691,0.099650949,0.049868509,-0.061741151,0.003460678,-0.022051113,0.269361198,0.145352393,-0.092495948,-0.123525947,0.179440185,-0.196585953,-0.059311245,0.022732716,-0.059568863,-0.136883989,-0.297533512,0.066015534,0.392305255,0.224044532,-0.169308916,0.075184591,-0.070263788,-0.0607116,0.097429201,0.04595517,-0.102900431,0.075377859,-0.084582776,-0.008179087,0.239051521,0.121334776,-0.051564001,0.199540645,0.026092164,0.040497359,0.12461435,0.093009666,-0.091139637,-0.068471268,-0.185292199,-0.026442081,-0.019478083,-0.053072445,0.043549061,0.149923503,-0.140505046,0.135609746,-0.013575836,-0.00958315,-0.050290257,0.119687542,-0.09048979,-0.094772518,0.078482613,-0.199928969,0.164149567,0.098497756,0.120058328,0.156689212,0.093675941,0.043884031,0.013522139,-0.059257805,-0.053910326,-0.091029048,0.075023964,-0.057900626,0.153163478,0.099905439
A01367213,-0.132065445,0.081126995,0.055363409,-0.053253476,-0.083348148,-0.076125078,-0.030712623,-0.037853803,0.121452093,-0.104232021,0.1559515,-0.003170975,-0.170004323,-0.033182967,-0.025425956,0.117354043,-0.07027293,-0.180191413,-0.086421207,-0.124272935,-0.02981182,0.035697181,-0.02562977,0.115780167,-0.13698642,-0.273330331,-0.059409212,-0.021136856,0.056480262,-0.014582123,-0.065774173,0.025633248,-0.189836055,-0.07760796,0.108628526,0.143754736,-0.077605829,-0.011186495,0.237501919,0.003950993,-0.146836564,0.026212443,0.105186619,0.361512125,0.183393955,0.03455006,0.065054908,-0.022733536,0.102261782,-0.213958934,0.112851933,0.158336371,0.099417895,0.092253461,0.083070263,-0.153210044,0.00824271,0.176638618,-0.105287798,0.126132876,0.058725148,-0.113500707,-0.019019138,-0.021863522,0.208323777,0.059812263,-0.122074135,-0.167404473,0.142874956,-0.193849266,-0.040401615,0.092310607,-0.052387014,-0.120931953,-0.262701899,0.068513729,0.423165768,0.220368102,-0.161765069,0.057647124,-0.043660574,-0.022063475,0.113095447,0.046618812,-0.110756174,0.01761478,-0.138238966,0.047437027,0.245730415,0.083181106,-0.069923058,0.130892366,0.062794909,-0.005154208,0.065588713,0.070116684,-0.153122276,-0.057276677,-0.16340667,-0.050990477,0.03352315,-0.079944447,0.02425852,0.104466043,-0.181467995,0.190471828,-0.019797513,0.000855199,-0.083390214,0.126101181,-0.11795146,-0.014078219,0.091322854,-0.219470799,0.177863613,0.146008611,0.051583257,0.151348352,0.133747846,0.010003705,0.030450061,-0.038054563,-0.051257823,-0.149465144,-0.009141491,0.00883859,0.224156529,0.08118023
A01367213,-0.175931841,0.078602195,0.031515971,-0.050839972,-0.068496227,-0.077168748,-0.054797381,-0.066607475,0.143740609,-0.076478198,0.1527839,0.023004144,-0.195709065,-0.066592939,-0.088116005,0.143302783,-0.087453023,-0.195010141,0.001306571,-0.122561887,-0.053637601,-0.001599189,-0.022871362,0.114025451,-0.118121915,-0.286273271,-0.059517622,-0.072355673,0.00512425,-0.0517026,-0.071403041,0.043782823,-0.187126771,-0.070596077,0.039598178,0.122768261,0.014256773,0.029022671,0.22922048,-0.015864789,-0.140047431,-0.007362429,0.099954873,0.358192801,0.132978857,0.038229164,0.046529129,-0.032581836,0.104787499,-0.245567337,0.15037562,0.108510047,0.070837155,0.047316473,0.057204098,-0.159751505,-0.043945417,0.149727583,-0.138841122,0.103649139,0.007398552,-0.023538789,-0.023225542,-0.055862289,0.278688639,0.143236518,-0.12528266,-0.099043004,0.174443677,-0.209096134,-0.033298459,0.025186133,-0.015602998,-0.121450976,-0.307752192,0.100409709,0.374965608,0.185607031,-0.15253748,0.07227274,-0.045448843,-0.06332022,0.092426069,0.039412249,-0.130508602,0.072987996,-0.08296629,0.012926017,0.248721704,0.111362271,-0.048849639,0.14418593,0.042508766,0.033043005,0.082379751,0.119881183,-0.104829758,-0.065667421,-0.179750547,0.012763478,0.005378196,-0.076249912,0.013868179,0.120824695,-0.186678827,0.121207438,-0.005030749,-0.033263516,-0.083872326,0.155198783,-0.087235451,-0.081630178,0.096584104,-0.222184166,0.189576164,0.125554144,0.031343751,0.180953667,0.083642282,0.022418382,0.019733412,-0.058518413,-0.041954659,-0.111387528,0.056203328,-0.047612991,0.168509141,0.119763277
A01367213,-0.167694867,0.065734029,0.026486803,-0.045098424,-0.091828883,-0.030390961,-0.071292922,-0.104682542,0.152250037,-0.124164402,0.177188694,0.031859878,-0.196082011,-0.036484096,-0.089857742,0.119148061,-0.078501575,-0.193215623,-0.034902312,-0.102491088,-0.039158411,0.01312545,-0.031210877,0.110877506,-0.122498251,-0.286137253,-0.066123903,-0.062190425,0.000917126,-0.037017368,-0.09470436,0.072704032,-0.1974978,-0.087565631,0.045780357,0.115668476,0.029779423,0.01195098,0.198982343,0.025686195,-0.141733885,-0.008526362,0.069168046,0.33738032,0.141500548,0.028376983,0.04899716,-0.030081265,0.13198106,-0.252364069,0.103453867,0.129960895,0.124413371,0.053758666,0.033817798,-0.147676647,-0.022035576,0.111343436,-0.106083259,0.091070704,0.032529723,-0.028279176,-0.001428688,-0.052047145,0.271049649,0.12223985,-0.121767357,-0.10220699,0.145803958,-0.159687623,-0.061375789,0.031456523,-0.095630594,-0.14548403,-0.288098574,0.107581593,0.418881804,0.201944783,-0.136809722,0.06838467,-0.070923492,-0.049029097,0.051956214,0.043913994,-0.112825833,0.078769378,-0.052436084,0.058005679,0.280792981,0.092658326,-0.083116852,0.165867776,0.021722957,0.058211446,0.070775621,0.0975198,-0.0746869,-0.064132258,-0.168800712,0.020434389,0.001186366,-0.025958259,0.031861365,0.115240261,-0.173153996,0.128064051,-0.038156547,-0.012330809,-0.076544419,0.109308839,-0.121287279,-0.042727001,0.098974206,-0.205172688,0.181604728,0.123805076,0.080887824,0.151699632,0.105535068,-0.024499189,0.046937499,-0.031128921,-0.05162752,-0.140340388,0.100920059,-0.055649921,0.165189534,0.076767467
A01367213,-0.153017029,0.059396159,0.037662856,-0.045067769,-0.07095173,-0.066059008,-0.069092982,-0.082597941,0.139299199,-0.109972566,0.153638184,0.007850815,-0.176558375,-0.095340945,-0.075873524,0.14877671,-0.061484441,-0.177924618,-0.02565999,-0.096871801,-0.033122178,0.020876789,-0.003219815,0.093512766,-0.084384352,-0.296665311,-0.0995996,-0.073164672,0.048271257,-0.089910194,-0.127085537,0.018479366,-0.147031441,-0.092081033,0.039212301,0.125781834,0.008769292,-0.007789136,0.222037852,0.007522738,-0.165296108,-0.02693137,0.057144769,0.33793357,0.134720862,0.057141803,0.036851853,-0.019166028,0.088157438,-0.214267313,0.128060669,0.090098381,0.104471102,0.039279941,0.044870444,-0.152185366,-0.034305111,0.12106894,-0.155941546,0.091009885,0.020580603,-0.067869946,-0.026135962,-0.042170536,0.281096071,0.134831965,-0.119214013,-0.110106073,0.191427961,-0.202651143,-0.03004829,0.021544401,-0.044776537,-0.13714245,-0.284658879,0.088328227,0.402916372,0.221669883,-0.16373162,0.060412716,-0.040712025,-0.050408345,0.094229639,0.067619942,-0.12378753,0.125255316,-0.074152268,0.007153711,0.221869171,0.074468851,-0.076744437,0.140883654,0.031745855,0.086456574,0.093186006,0.066824734,-0.063715965,-0.060606729,-0.167980462,0.009988327,0.032901395,-0.081158094,0.040240616,0.115832277,-0.136503488,0.140363246,-0.000571164,-0.034580763,-0.081195273,0.14259851,-0.116850771,-0.077398904,0.125389323,-0.210001707,0.177052438,0.163716912,0.070929751,0.176200971,0.117020383,0.03831042,0.042034376,-0.054882687,-0.062472489,-0.110913545,0.077063516,-0.052215736,0.200718448,0.113795765
A01369421,-0.157436833,0.045476165,0.009765144,0.023400059,-0.062313486,-0.01934975,-0.019641135,-0.025069475,0.120004117,-0.018795431,0.246811762,-0.024715649,-0.230530173,-0.02201608,0.016877219,0.041730501,-0.176541358,-0.034683183,-0.033591896,0.004854414,0.098806962,-0.02658613,0.06382715,0.099262789,-0.120008163,-0.354278505,-0.110855177,-0.123369493,0.055357739,-0.032964911,0.014994875,0.032435678,-0.128269732,-0.010554563,0.02237194,0.06761989,-0.073667318,-0.076846734,0.24427025,0.01759332,-0.098355442,-0.015793676,-0.053964987,0.279672027,0.125697568,0.076504208,0.025510177,0.001373161,0.044455133,-0.260721207,0.083618969,0.145455256,0.178855047,0.020599164,0.137443766,-0.191311479,0.019693229,0.114360735,-0.170424402,0.053350452,-0.06415958,-0.036944911,0.032734163,-0.112790294,0.261325091,0.171659663,-0.118163526,-0.066944607,0.157529667,-0.101233229,-0.027091129,0.107086129,-0.114746377,-0.222171873,-0.187705606,0.031452123,0.40090701,0.194361836,-0.202721506,-0.008951767,-0.089051813,-0.039709713,0.061113324,0.07101649,-0.104677506,-0.026861988,-0.090858474,-0.008819511,0.115696833,-0.001411737,-0.080649935,0.229176208,0.014602845,0.05998347,0.04337601,-0.134774938,-0.014500787,-0.003611919,-0.057058372,-0.004092267,0.003261269,-0.099378794,0.011564371,0.056051809,-0.190643579,0.057816084,0.019476116,-0.01838794,0.018322054,0.046802495,-0.172252595,0.020067077,0.139630765,-0.409287751,0.196209759,0.14630805,0.019412732,0.171965495,0.024167683,0.04809729,0.010303719,-0.020510806,-0.170505911,-0.024670463,0.068281718,-0.018126924,0.023189832,0.017600261
A01369421,-0.140890837,0.017089015,0.022032112,0.047150314,-0.09527494,-0.006007242,-0.033913884,-0.017382875,0.100711003,-0.028910205,0.229420289,-0.036206,-0.255051285,0.0083045,-0.015597324,0.06147147,-0.156886071,-0.05844504,-0.082376495,0.010434918,0.089275062,-0.014386771,0.043376096,0.095729478,-0.130580202,-0.389275759,-0.100602992,-0.119057953,0.019557728,-0.035635971,0.021787351,0.039802987,-0.134397477,0.019771978,0.007509606,0.079914734,-0.090586253,-0.07638897,0.25569585,0.014569486,-0.139157414,0.041148353,-0.044916827,0.266499817,0.105261765,0.07271532,0.037282478,-0.038261157,0.060311511,-0.279108167,0.079536639,0.172972381,0.195921138,0.024914857,0.140576661,-0.16718021,0.023097876,0.110124275,-0.191469625,0.08368551,-0.068496861,-0.0479699,0.034023765,-0.137609705,0.238832295,0.15746735,-0.133090034,-0.053699356,0.134369075,-0.131388292,-0.025964174,0.110176906,-0.091674328,-0.256197065,-0.229528636,0.046589315,0.433010727,0.165561989,-0.224615395,-0.003616853,-0.059311219,-0.074669398,0.057658374,0.082705081,-0.120321967,-0.044416551,-0.102843359,0.024788827,0.157485411,-0.028073439,-0.047441393,0.241401345,0.028385319,0.059833519,0.037193563,-0.078718744,-0.034732834,-0.00597907,-0.038724735,0.042991787,0.023232847,-0.115541629,-6.74E-05,-0.008248611,-0.159370422,0.057112224,0.003913802,-0.045992509,0.026098631,0.034897659,-0.220584974,0.002001538,0.174587414,-0.407537222,0.208615601,0.138081729,0.009191938,0.169522718,0.052069724,0.062663659,-0.014090037,-0.022457704,-0.175013408,-0.037440993,0.097599365,-0.019452911,0.019534707,0.02008534
A01369421,-0.182361454,0.06002482,0.006696337,0.051953211,-0.091229483,-0.017313693,-0.055464707,-0.017072897,0.103018507,-0.050986819,0.251442909,-0.028743461,-0.26523158,-0.005194854,-0.026599925,0.058244422,-0.158525363,-0.08001747,-0.057593703,-0.013766305,0.069357328,-0.009975536,0.043691803,0.066308483,-0.142715499,-0.331610978,-0.072040111,-0.130704314,0.051586211,-0.085597523,0.025990859,-0.014167975,-0.140917093,0.008762155,0.02803573,0.092024736,-0.044397444,-0.039938319,0.265255004,0.000535268,-0.094669133,0.004911611,-0.044859491,0.273000002,0.081553154,0.096488751,0.007259853,-0.020003675,0.060543098,-0.284014165,0.088826239,0.147246882,0.137550563,0.02265038,0.149972886,-0.213130772,0.011801485,0.122976437,-0.161658198,0.098284706,-0.048982903,0.004621148,0.023616871,-0.094933569,0.285630107,0.137806073,-0.126457289,-0.068648681,0.159277007,-0.129512221,-0.011864867,0.128895521,-0.069339633,-0.212040707,-0.186625212,0.051551819,0.417361885,0.175063223,-0.1973508,-0.006935855,-0.038966298,-0.06512516,0.057683095,0.037925526,-0.118968792,-0.027572874,-0.103277855,-0.00425457,0.157704681,0.030454932,-0.062337913,0.222235292,0.01393966,0.069481462,0.061080918,-0.109563723,-0.043349944,-0.056904383,-0.04367131,0.007312994,0.016029101,-0.119837008,-0.007954698,0.042624377,-0.127727076,0.028335089,-0.026529348,-0.027467141,-0.017484274,0.103012957,-0.187017679,0.004360751,0.157715902,-0.393718123,0.245059684,0.135974318,0.016275743,0.14467214,0.054177102,0.044861041,0.015274851,0.032073095,-0.146535546,-0.079638861,0.036109656,-0.05750452,0.047383897,0.020450622
A01369421,-0.100898221,0.058593281,0.000516057,0.053701833,-0.089022025,-0.0613342,-0.020889733,-0.042483389,0.121581294,-0.067772962,0.262397528,-0.058836427,-0.203375205,-0.044420175,-0.006200141,0.080795258,-0.171328664,-0.101824142,-0.057028256,0.007932371,0.047153015,-0.012489087,0.058916271,0.043873794,-0.139068067,-0.393420517,-0.090302326,-0.135474354,0.074195184,-0.045157146,0.028217949,0.064689286,-0.142941743,0.000257945,0.046372674,0.085980177,-0.066720605,-0.045501709,0.305192024,0.022103615,-0.132032722,-0.010085472,-0.030702572,0.303221762,0.091588467,0.035158962,0.043619193,-0.046105571,0.09780214,-0.237230778,0.098162696,0.145659432,0.1945512,0.062466964,0.158220515,-0.1411428,0.032394022,0.133505553,-0.197378725,0.071709722,-0.023508605,0.013068181,0.041623477,-0.113043949,0.314158499,0.111172363,-0.126652107,-0.019940818,0.138136014,-0.123312294,-0.007337274,0.109241165,-0.081139952,-0.218427286,-0.213595867,0.032994349,0.379349142,0.150594026,-0.211664647,-0.023855196,-0.011064418,-0.105572537,0.084563754,0.088770166,-0.120500669,0.003700068,-0.07774771,0.019467307,0.188896,-0.022578718,-0.048397392,0.225574493,-0.008747077,0.063909285,0.034863662,-0.116797678,-0.033665977,-0.032265607,-0.051418539,0.033833649,0.005688917,-0.120473512,-0.037276346,0.023343828,-0.144836515,0.041334808,-0.007966381,-0.032738462,-0.016359698,0.029971769,-0.160765484,-0.021588523,0.149557576,-0.365054101,0.231497109,0.103712231,-0.011688803,0.160751909,0.015935745,0.034624688,-0.015786942,-0.030323999,-0.139628023,-0.034446154,0.085099578,-0.034089722,0.04425846,-0.010454843
A01369422,-0.095755525,0.089632206,0.063322328,-0.029391885,-0.100904681,0.099396169,-0.048868522,0.015078447,0.215180829,-0.121973656,0.136752933,0.003360196,-0.175216153,-0.015397465,0.000504522,0.077377632,-0.165005386,-0.057841964,-0.137960777,-0.051101677,0.000913237,0.078011557,-0.085938066,0.024703063,-0.199112415,-0.293237478,-0.075337589,-0.036640055,0.043536503,-0.150451362,-0.037455983,-0.038515206,-0.133150384,-0.048380367,0.02008925,0.118871763,-0.029596688,-0.031809404,0.103385448,0.059801728,-0.14876467,0.070208244,-0.001181176,0.302470207,0.154645443,0.096735656,-0.07964661,-0.081461065,0.182953581,-0.280967027,0.065348968,0.154790193,0.113090128,0.101256587,0.09650892,-0.14310056,0.020783182,0.16871269,-0.21580869,0.036195058,0.017380789,-0.042646971,0.076323822,-0.052822851,0.178972185,0.12380597,-0.114214949,-0.124376982,0.065029308,-0.165826827,0.00376421,0.019581079,-0.019574463,-0.176882282,-0.272114426,0.0987987,0.455256701,0.235648647,-0.196152672,-0.045730382,-0.122565269,-0.085413851,0.058155134,0.037415989,-0.137899339,-0.039923385,-0.031060148,0.036017399,0.201766297,0.038089201,0.040091954,0.184291095,0.062961027,-0.006809192,-0.0016197,-0.066458553,-0.202462271,0.004413277,-0.076367684,-0.019239705,-0.033506859,-0.100209564,0.079963177,0.111353397,-0.234631211,0.269590229,0.050658707,-0.106115416,0.030328307,0.07540936,-0.139932364,-0.022186333,0.209445059,-0.309483379,0.163276389,0.152832031,0.086628161,0.211971998,0.078901015,0.112562448,-0.039845861,0.064200871,-0.05939832,-0.064961314,0.027400564,-0.080148257,0.094362952,0.012150764
A01369422,-0.142570689,0.1091723,0.09456601,0.019710269,-0.120176017,0.098905765,-0.073121898,-0.055421967,0.101473458,-0.11965061,0.192792341,-0.028388349,-0.14447698,0.001303942,-0.006897561,0.084931634,-0.154683113,-0.071601011,-0.112372488,-0.060877889,0.018087812,0.090584502,-0.052699827,0.034483582,-0.213584885,-0.277513832,-0.038185772,-0.089057513,0.033028893,-0.105426878,-0.051132675,-0.037335552,-0.117050819,0.001148921,0.06445168,0.111552253,-0.021705672,-0.036678422,0.156055555,-0.004450157,-0.125600129,0.099539213,0.035520468,0.29915306,0.085273206,0.041649539,-0.046273574,-0.11016418,0.187770218,-0.263831913,0.090579286,0.149772465,0.110583097,0.138554767,0.057829581,-0.119040646,0.046872079,0.143015519,-0.180204973,0.077859804,0.03117419,-0.058059476,0.065809593,-0.084831528,0.200853586,0.126425713,-0.095376141,-0.116605058,0.056543268,-0.125715509,-0.0551074,0.037075739,-0.054856412,-0.172820657,-0.240872443,0.072771512,0.441055447,0.238130495,-0.248170227,-0.043820109,-0.118795,-0.087520026,0.052827612,0.080841191,-0.081521451,-0.033904888,-0.00710538,0.060511325,0.254829019,0.003508591,0.035354253,0.246487975,0.120851099,0.001188654,0.023174081,-0.065215714,-0.14658007,-0.055454075,-0.071371064,-0.01948379,-0.079348959,-0.07399559,0.060676556,0.10697829,-0.28606081,0.281349927,0.032969698,-0.086939819,0.040495723,0.07255698,-0.067872807,-0.018150538,0.179160953,-0.299404711,0.160012454,0.153642908,0.155409917,0.217252329,0.035219613,0.077586532,-0.022779291,0.050977036,-0.087046884,-0.07183475,0.058055822,-0.073654912,0.032948457,0.044524267
A01369422,-0.150890842,0.101416051,0.119397543,0.000612075,-0.174494609,0.059641313,-0.057898231,-0.077918604,0.130603209,-0.149223149,0.190613121,0.009850323,-0.152917355,0.016461123,-0.012550446,0.088011384,-0.154162422,-0.060718276,-0.132200673,-0.073954627,-0.014895773,0.105058379,-0.068943024,-0.000498672,-0.174873471,-0.348886609,-0.118046567,-0.08379785,0.015393257,-0.120950937,-0.017506398,-0.05949454,-0.077040821,0.011997135,0.011196798,0.086293906,-0.06498681,-0.018219236,0.114729479,-0.009031844,-0.174857244,0.120180793,0.006621057,0.293041855,0.158329412,0.053704388,0.030779865,-0.102037743,0.156255364,-0.21556744,0.087724157,0.104055785,0.107094988,0.089298286,0.106578566,-0.130700737,-0.058311559,0.152859151,-0.131935269,0.099093355,0.058919325,-0.084578291,0.04777753,-0.06168101,0.187561885,0.128807411,-0.12362358,-0.13927418,0.11754816,-0.197614715,-0.059555624,0.043658089,-0.0660493,-0.182910278,-0.267470211,0.08474493,0.486912996,0.190377861,-0.227833286,-0.102797009,-0.09869045,-0.050336055,0.071871899,0.097797178,-0.069842711,-0.059238538,-0.061971594,0.052416347,0.282691032,-0.007985489,0.000661135,0.202949792,0.087069362,0.007005521,0.001716702,-0.011149361,-0.150901109,-0.043642852,-0.05376843,0.005397574,-0.049837854,-0.091602869,0.006904584,0.094105855,-0.195752874,0.329994202,0.012856023,-0.058786042,-0.038414482,0.04526183,-0.087261058,0.040742148,0.240191907,-0.26799199,0.199285716,0.17456615,0.089225277,0.220557004,0.023626465,0.060792185,-0.054174922,0.016910527,-0.119533777,-0.087144449,0.003568465,-0.091442652,0.078146353,0.045557842
A01369422,-0.145707726,0.106061451,0.105698764,0.011074221,-0.091555484,0.10423702,-0.064872488,-0.060661461,0.107163563,-0.121195652,0.187108666,-0.024939911,-0.169039264,-0.043147858,-0.03058783,0.091613464,-0.162970141,-0.108065337,-0.105784111,-0.025710087,0.020153156,0.080286659,-0.064944446,0.011361232,-0.170973897,-0.291665345,-0.055666305,-0.070968591,0.041199774,-0.137309358,-0.063086994,-0.044789784,-0.12292365,0.010675405,0.029410068,0.112411514,-0.038602099,-0.070548318,0.126745701,0.042299345,-0.131247669,0.076811545,0.002094777,0.307895333,0.136024624,0.02700478,-0.047601871,-0.146822676,0.178496897,-0.272599399,0.0610613,0.177440464,0.079035267,0.157815516,0.059457481,-0.099408105,0.048629537,0.127362475,-0.181633264,0.06373629,0.021182127,-0.052553773,0.073379472,-0.082350321,0.158784702,0.116199039,-0.072104655,-0.131099254,0.081046633,-0.134316623,-0.065268807,0.057901822,-0.050109062,-0.184728354,-0.224034369,0.055001132,0.459736615,0.257507086,-0.215862632,-0.029319357,-0.156003207,-0.094659232,0.08246363,0.058307122,-0.071679816,-0.025492765,-0.03598702,0.055136628,0.26239723,0.008170487,0.019712312,0.213804543,0.103953652,-0.009760896,0.048438262,-0.0571413,-0.112491876,-0.021759275,-0.097353518,-0.070900463,-0.081374727,-0.09151236,0.060636111,0.079238683,-0.241921082,0.272215337,0.083500102,-0.07559333,0.039542351,0.02735324,-0.076877646,0.022203613,0.178880736,-0.309791356,0.182450086,0.155134633,0.162580669,0.206624851,0.047293395,0.093948953,-0.062379718,-0.016252417,-0.051254485,-0.06674587,0.0385543,0.001238312,0.054511979,0.025881711
A01769046,-0.109029286,0.095753483,0.056383628,0.007598866,-0.10498324,-0.005085943,-0.02274516,-0.130195633,0.155865014,-0.127559796,0.14105764,-0.020862289,-0.189445451,0.027630346,-0.046068393,0.086857647,-0.171453342,-0.097806677,-0.076675855,-0.116794333,0.020369321,-0.04482004,0.004390009,0.028969046,-0.115432791,-0.249436945,-0.077590674,-0.081767842,0.101759702,-0.096955955,-0.066574678,-0.023888813,-0.190425292,-0.021340694,-0.000405932,0.060075767,0.002473003,-0.051311366,0.184494138,-0.036860608,-0.16416052,-0.015677679,0.064654805,0.196164787,0.128226072,0.13515161,-0.052949779,-0.113064662,0.149633676,-0.225041017,0.104047917,0.114998609,0.066188276,0.026637513,0.025677241,-0.212303638,0.031785809,0.036381073,-0.169223741,0.075856537,0.077205263,-0.090770558,-0.054724805,-0.002563669,0.266879112,0.202877864,-0.062654942,-0.151814356,0.185753748,-0.218866885,-0.047415972,0.00994722,-0.033105135,-0.133864716,-0.263968199,0.030912776,0.455634743,0.159019008,-0.154268414,0.016165961,-0.072777249,-0.040814746,0.151936442,0.130127653,-0.158762932,0.00615233,-0.069887348,0.008972906,0.244279593,-0.009343429,-0.063582964,0.166253448,0.02620713,0.053517677,0.020032205,-0.026992958,-0.134174198,-0.020895723,-0.152028278,-0.048034023,0.075516075,-0.02674764,-0.000322627,0.157366619,-0.205020621,0.096670777,-0.016694158,-0.096421421,0.017985288,0.024429698,-0.131548241,-0.066975541,0.13862884,-0.244291931,0.218853652,0.173115447,0.07138107,0.144026533,0.10868603,0.075394623,0.09918949,0.030004356,-0.151194587,-0.068622135,0.082923591,-0.094684772,0.065583214,0.031911708
A01769046,-0.149955347,0.146412164,0.0345103,-0.012213329,-0.114568904,-0.022655467,-0.053375039,-0.143495619,0.125012875,-0.092134744,0.139993414,-0.019874901,-0.166619211,0.043507803,-0.06937509,0.080148295,-0.164130345,-0.143440157,-0.047417969,-0.091182023,0.008439136,-0.023668047,0.01367978,0.052352145,-0.107194334,-0.276639313,-0.073730901,-0.077542149,0.076450817,-0.069739893,-0.055639721,-0.039912906,-0.174981371,-0.008263186,0.035772618,0.046332471,0.024484152,-0.022043867,0.235108882,-0.06552808,-0.174316287,-0.014455471,0.117141716,0.232640341,0.198687419,0.091260448,-0.016313378,-0.110254332,0.121443756,-0.184048817,0.13767679,0.136789829,0.010716563,0.035862956,0.024069522,-0.164927676,-0.030723412,0.063534126,-0.073334478,0.082356304,0.121933848,-0.038157426,-0.054303505,-0.00673197,0.252728403,0.144474015,-0.080759965,-0.172812551,0.156622708,-0.228248239,-0.079760976,-5.94E-05,-0.060396329,-0.128648028,-0.241402477,0.066348717,0.461831003,0.148820832,-0.139407068,0.056668047,-0.047420502,-0.042255305,0.178768665,0.088358201,-0.143090963,-0.011696424,-0.067830838,0.023733996,0.303668588,0.038019776,-0.075978033,0.151973084,0.006366203,0.033431575,0.067436062,0.054813065,-0.081150606,-0.007251519,-0.181967348,-0.008889326,0.072909527,-0.041333374,-0.002117197,0.168776199,-0.195579261,0.065364711,-0.015805282,-0.033810042,0.009058381,0.08571142,-0.155783549,-0.087345928,0.142596915,-0.199691817,0.225299284,0.13992241,0.066558778,0.124948159,0.142880112,0.079393215,0.124192588,0.045080397,-0.109672628,-0.075874813,0.07205005,-0.032583535,0.104717746,0.058897141
A01769046,-0.12044704,0.129963905,0.043902736,-0.046863653,-0.151439875,-0.007363305,-0.024047611,-0.138698846,0.143756554,-0.158499047,0.11752668,-0.02119845,-0.168071374,0.08214514,-0.043805767,0.074361242,-0.188639745,-0.121124059,-0.057528142,-0.101712272,0.014412678,0.003433893,0.023600452,0.038380932,-0.111203171,-0.227176309,-0.115211226,-0.062646501,0.13911815,-0.064260699,-0.04125309,-0.036945373,-0.150096089,-0.027525965,0.018594544,0.073314369,0.017261261,-0.069113128,0.217547059,-0.060863249,-0.153598309,-0.034584142,0.096997172,0.235380828,0.135645792,0.055823207,-0.024312517,-0.07354825,0.128712192,-0.195305094,0.141524434,0.095488809,0.067967422,0.078778625,0.007761993,-0.158915132,0.037256785,0.15699473,-0.126093507,0.11934685,0.141770869,-0.054805219,-0.025155218,0.018501738,0.268718153,0.172682405,-0.086211264,-0.192238942,0.14975588,-0.222424626,-0.109613031,0.00560097,-0.091669172,-0.083474755,-0.266259372,0.038632296,0.444131821,0.174605563,-0.125585571,-0.010254028,-0.043106999,-0.015368552,0.160161033,0.119779639,-0.157297328,-0.024564005,-0.061833836,0.021629922,0.271557689,0.032536965,-0.119940922,0.167681038,0.055788606,0.045313407,0.040129293,0.022876749,-0.076019585,-0.054293144,-0.159275681,-0.0004077,0.048116777,-0.058155846,-0.036026284,0.22140862,-0.19450596,0.123100646,-0.027705986,-0.044165008,0.008498875,0.081646845,-0.144474834,-0.080766752,0.164338022,-0.204023138,0.177743629,0.199024022,0.074389018,0.111331619,0.108921021,0.074002691,0.118384451,0.056775935,-0.135736927,-0.077000558,0.076214433,-0.079841033,0.080127969,0.06676431
A01769046,-0.121439584,0.094161727,0.066439196,0.01055018,-0.100636475,-0.020078965,0.000944663,-0.107065849,0.185655743,-0.153422639,0.184779301,-0.028445963,-0.225774854,0.02373727,-0.079553723,0.099414483,-0.156543672,-0.117873579,-0.042289294,-0.1419774,0.051566131,-0.026417848,0.011745029,0.070226952,-0.102526002,-0.277540147,-0.096979193,-0.111313701,0.106994897,-0.063007183,-0.075350598,0.009815061,-0.179756895,-0.062284589,0.015006715,0.017347679,0.032088362,-0.029510839,0.20626469,-0.061730016,-0.161177799,-0.025252448,0.081011444,0.219372749,0.10478124,0.118256733,-0.032647446,-0.117985606,0.136539698,-0.201730266,0.096858427,0.144669935,0.079019368,0.030508306,0.035910584,-0.217392832,-0.012772623,0.122066639,-0.175320283,0.140280381,0.043046951,-0.08588735,-0.039093785,-0.023347968,0.255031079,0.183910072,-0.090934522,-0.200540826,0.212470382,-0.238184959,-0.038412165,0.063815154,-0.088850662,-0.14775753,-0.269213557,0.050539829,0.428928912,0.151071295,-0.112712272,0.02255981,-0.062244065,-0.025039319,0.139206961,0.150073066,-0.131677762,-0.038499743,-0.053303849,-0.009193636,0.214378819,0.019010166,-0.095288895,0.190973535,-0.019408364,0.062603891,0.00548123,0.025527721,-0.151698858,-0.020743037,-0.152712256,-0.011640489,0.0233614,-0.030425612,-0.014881192,0.161246836,-0.170550779,0.011216237,-0.078196436,-0.054333832,-0.014299075,0.051463384,-0.135535836,-0.083283901,0.130367771,-0.252154648,0.233148888,0.182269171,0.061531585,0.134415463,0.10188172,0.049569391,0.123542197,-0.016180538,-0.170204893,-0.054887485,0.106849678,-0.125391662,0.043102302,-0.005113275
L03618495,-0.062013872,0.206185058,0.079340801,0.012226806,-0.048141595,0.148296311,-0.076596305,-0.020415917,0.198662072,-0.168454081,0.20899424,0.03732067,-0.205087394,-0.001572611,-0.080412239,0.112690367,-0.114506535,-0.155543089,-0.125352949,-0.039661847,0.021048052,-0.018828835,-0.006624482,0.014799032,-0.123405054,-0.337655932,-0.05939522,-0.113393925,0.070588954,-0.090298124,-0.107769132,-0.064652182,-0.17917338,0.009906633,-0.047374628,0.001450479,0.003027442,-0.032997891,0.190377325,-0.004821416,-0.17488569,0.105751455,0.01150778,0.24245961,0.118598819,0.055895548,0.015464701,-0.026901996,0.098614171,-0.2018601,0.066684693,0.176121503,0.126554012,0.083998159,0.081414789,-0.183182016,-0.016214807,0.072989576,-0.112359464,0.082114875,-0.02577078,-0.010563701,-0.046421476,-0.02403274,0.198934734,0.170814499,-0.077063128,-0.202824771,0.144736394,-0.128030211,0.04428155,0.099876918,-0.116380483,-0.143485978,-0.163572982,0.088720068,0.457407892,0.195265278,-0.124950133,0.057350673,-0.118584655,-0.03573269,0.032648392,0.028620565,-0.131383359,0.006925277,-0.046402264,0.077263363,0.19226484,0.025180385,-0.068276048,0.159918338,-0.012490923,0.006679644,-0.013075438,-0.002307393,-0.089503407,-0.007791042,-0.092736244,0.001567952,0.019918945,-0.078795731,-0.026733782,0.042471297,-0.199866116,0.041209269,-0.01438948,0.003782587,0.042221714,0.181194335,-0.159776241,-0.021272572,0.158995271,-0.306234628,0.230964974,0.160724908,0.021805398,0.095561214,0.147405311,0.064202011,0.061585091,-0.012413101,-0.139207631,-0.144762814,0.054567873,-0.038799446,0.068652794,0.02033947
L03618495,-0.070097543,0.204613194,0.077470936,0.007936331,-0.050332423,0.151304424,-0.078426816,-0.022962721,0.19814229,-0.176440567,0.19958663,0.026785657,-0.199555829,-0.006366083,-0.081849076,0.115589656,-0.115919665,-0.155846417,-0.127982706,-0.041376807,0.019386824,-0.01529377,-0.007591267,0.020442743,-0.121825524,-0.347097844,-0.05682683,-0.116920173,0.073241331,-0.085599624,-0.108812779,-0.066184014,-0.183091268,0.01089373,-0.047364574,0.008118285,0.008726745,-0.021713881,0.17941913,-0.013934259,-0.176909342,0.100351937,0.021718696,0.231877893,0.117395505,0.062298302,0.013628507,-0.029482832,0.106229573,-0.204633951,0.063648529,0.168718651,0.127439767,0.084410734,0.089389496,-0.181194857,-0.018095175,0.06847281,-0.105048858,0.085175969,-0.031749859,-0.008953145,-0.045833528,-0.019639311,0.199623123,0.164209545,-0.073392212,-0.206478506,0.14352873,-0.136628285,0.048734419,0.102557689,-0.105517708,-0.138014913,-0.171971068,0.087300085,0.455952644,0.196458668,-0.119090043,0.060079869,-0.118303508,-0.036528196,0.027846923,0.025171675,-0.137848437,0.009812083,-0.045670036,0.078867003,0.193860188,0.020514175,-0.05705528,0.16035533,-0.014997708,0.013912383,-0.018445201,-0.000975669,-0.09978734,-0.008975049,-0.088936687,0.001269203,0.026983254,-0.07305114,-0.020630946,0.040416062,-0.204103798,0.039361194,-0.024869997,-0.00033765,0.043884803,0.187538311,-0.160774693,-0.024890929,0.158704668,-0.299752206,0.226458296,0.16148451,0.018872913,0.09868484,0.151108593,0.063715793,0.062838264,-0.00903273,-0.131236345,-0.145405859,0.060259409,-0.045900427,0.060570464,0.017827163
L03618495,-0.078205459,0.206348434,0.086116999,0.01395055,-0.053378794,0.149622411,-0.07903073,-0.022811495,0.199166432,-0.169803694,0.198050767,0.028335128,-0.196252182,-0.0003682,-0.089145072,0.122126117,-0.110008202,-0.158749178,-0.126542449,-0.038970836,0.015469597,-0.023334855,-0.004991692,0.017361417,-0.114366576,-0.345669001,-0.060509391,-0.117991619,0.068200007,-0.087741233,-0.106229566,-0.065084226,-0.180123746,0.007073799,-0.049188234,0.001950555,-0.000602312,-0.019835742,0.185516134,-0.007260847,-0.17091392,0.105331942,0.012047345,0.243572652,0.121777892,0.061882958,0.013597598,-0.035167988,0.103975877,-0.205711842,0.060777202,0.16830346,0.137533173,0.084502876,0.084898219,-0.173357323,-0.004031263,0.065122098,-0.118216895,0.091056339,-0.02736944,-0.013411721,-0.050828971,-0.018074721,0.204808772,0.166562453,-0.074330397,-0.20282717,0.144756615,-0.129644737,0.051994272,0.101490818,-0.109929457,-0.146797404,-0.177317947,0.087085791,0.459642261,0.198234975,-0.128890112,0.053770546,-0.115928873,-0.032131366,0.025401985,0.030025475,-0.148878396,0.00435706,-0.045223378,0.072341882,0.185136676,0.021283967,-0.066627972,0.161222368,-0.006503429,0.012624902,-0.016842764,-0.00180273,-0.090909168,-0.014036611,-0.096014284,-0.00400159,0.017762391,-0.070960179,-0.022296933,0.036785852,-0.202281147,0.043346897,-0.02429048,0.000593803,0.033519294,0.180467188,-0.164955884,-0.021787168,0.161598891,-0.300508618,0.219449326,0.16758953,0.024164591,0.094480887,0.152508676,0.057687901,0.05817236,-0.004840249,-0.128577515,-0.136742041,0.064189032,-0.046572004,0.063062504,0.02271276
L03618495,-0.050054077,0.216500118,0.076430827,0.015700374,-0.056866407,0.152296424,-0.062518954,-0.027705628,0.201294795,-0.176228851,0.219674483,0.028832443,-0.195995167,-0.022640292,-0.083185352,0.123455994,-0.130759835,-0.154274464,-0.121745184,-0.043229349,0.032023314,-0.02352884,-0.005630961,-0.011330563,-0.145568162,-0.33941409,-0.051767156,-0.121303849,0.077635273,-0.096060149,-0.082937308,-0.066213332,-0.193302959,0.015519634,-0.050239831,-0.005608277,-0.003622382,-0.027244262,0.180952758,-0.016209517,-0.149797142,0.122663543,0.023967016,0.229264021,0.095444858,0.056394801,0.016458033,-0.044969037,0.101101659,-0.21369873,0.066375904,0.149451271,0.100237727,0.095173538,0.097244985,-0.17913121,-0.008553984,0.053379208,-0.125930801,0.093095511,-0.021266459,0.007315431,-0.066824123,-0.026061602,0.199972704,0.164699182,-0.057874151,-0.214185342,0.137126639,-0.130314112,0.045328833,0.100045301,-0.093478695,-0.133338571,-0.167576149,0.091359094,0.452823251,0.207220122,-0.120746925,0.054762702,-0.108922549,-0.041601814,0.035006408,0.005191467,-0.123320714,0.006354075,-0.053664092,0.096905783,0.190474853,0.005956923,-0.061713483,0.176342323,-0.007431678,0.010998176,-0.029476749,-0.032513529,-0.109668195,-0.002637355,-0.097641692,-0.014853672,0.037375089,-0.059873633,-0.024462987,0.04385253,-0.187880501,0.044994853,-0.027069878,-0.012354739,0.03632848,0.178059205,-0.170493931,-0.010361902,0.15135181,-0.298139781,0.246696219,0.15169625,0.032937456,0.088716418,0.153003514,0.049220774,0.060000431,-0.001827056,-0.138457239,-0.138237402,0.051632669,-0.049007069,0.061058715,0.014277915
L03618495,-0.07447613,0.215816692,0.076415047,0.016406512,-0.060912699,0.150118977,-0.059012279,-0.04356024,0.215942621,-0.189106971,0.220223799,0.017902475,-0.203463212,-0.043131638,-0.076414675,0.124850668,-0.121281631,-0.167091221,-0.095114172,-0.036556777,0.019622885,-0.033794742,0.00464346,0.005353136,-0.125627309,-0.348832369,-0.058920428,-0.117099583,0.074985489,-0.097162507,-0.109606653,-0.059145696,-0.18880935,0.005237807,-0.054327175,-0.006508566,0.006887489,-0.013835302,0.186338186,-0.022569425,-0.158092067,0.081163295,0.014537872,0.21772778,0.095599577,0.055804465,0.008563824,-0.051540431,0.100591421,-0.206381068,0.056564681,0.157886237,0.107559361,0.073241986,0.077837221,-0.180375144,-0.023297198,0.045964666,-0.113834642,0.08724463,-0.018349979,-0.009248177,-0.070083961,-0.017478205,0.211149663,0.166021019,-0.055312291,-0.215881571,0.151652992,-0.128830716,0.048805978,0.10129194,-0.090304561,-0.143327743,-0.162180752,0.087446965,0.450870425,0.203144088,-0.114303842,0.057128444,-0.125555962,-0.040977795,0.023159578,0.013048046,-0.141267866,0.01804932,-0.059652612,0.083616003,0.183766782,0.010535263,-0.056036264,0.17206791,-0.012426334,0.040090017,-0.016443308,-0.025196595,-0.096876547,0.001606581,-0.102580979,-0.01320589,0.037600502,-0.069339529,-0.011554172,0.047383506,-0.195626736,0.040583707,-0.029287284,-0.010592805,0.034361962,0.172707424,-0.160040483,-0.016591227,0.146384761,-0.294562459,0.232070386,0.146157727,0.038026541,0.108181402,0.155408934,0.058940619,0.063187517,-0.017373795,-0.124734566,-0.130145758,0.064865291,-0.056620717,0.067414716,0.017329549
